,Protein,MolecularWeight,InstabilityIndex
0,YVRRALVVCPMHISMYIT,2152.6474000000003,117.16666666666667
1,LILHTCNSLRSRA,1483.7382999999998,81.67692307692309
2,SPCLEKPSTLARSIPLLAPGP,2147.5371000000005,70.33333333333333
3,KLGGF,520.6216000000001,15.7
4,TETIPGIWFLPQGHAIANSILLT,2492.8651000000004,38.117391304347834
5,QIGHLDGLMTNQPMITQ,1897.1802000000002,-3.0999999999999988
6,YVRRALVVCPMHISMYII,2164.7011,117.16666666666667
7,LILHVCNSLRSRA,1481.7653999999998,87.47692307692309
8,SPCLEKPSTLARSIPLLAPGP,2147.5371000000005,70.33333333333333
9,KLGGF,520.6216000000001,15.7
10,TETIPGIWFLPQGHAIANSILLT,2492.8651000000004,38.117391304347834
11,QMGHLDGLMTNQPMITQ,1915.2185999999997,-3.0999999999999988
12,YVRRALVVCPMHISMYIT,2152.6474000000003,117.16666666666667
13,LILHRCNSPGSRA,1423.6432999999997,72.66153846153847
14,SPCLEKPSTLARSVPLLAPGP,2133.5105000000003,80.87619047619046
15,KLGGF,520.6216000000001,15.7
16,TETIPGIWFLPQGHAIANSILLTQQMGHLDGLMTNQPMITQ,4518.197600000001,23.44390243902439
17,YVRRALVVCPIHKSMYIT,2149.6237000000006,85.13333333333334
18,LILHTCNSLRSRA,1483.7382999999998,81.67692307692309
19,SPCLEKPSTLARSIPLLAPGP,2147.5371000000005,70.33333333333333
20,KLGGF,520.6216000000001,15.7
21,TETIPGIWFLPQGHATANSILLT,2480.8114000000005,38.117391304347834
22,QIGHLDGLMTNQPMITQ,1897.1802000000002,-3.0999999999999988
23,YVRRALVVCPMHISMYIV,2150.6745,112.45
24,LILHECNSLRSRA,1511.7484,121.27692307692308
25,SPCLEKPSTLARSVPLLAPGP,2133.5105000000003,80.87619047619046
26,KLGGF,520.6216000000001,15.7
27,TETIPGIWFLLQGHAIANSILLTQQMGHLDGLMTNQPMITQ,4534.240000000001,21.999999999999996
28,YVRRALVVCPMHISMYIV,2150.6745,112.45
29,LILHGCNSLRSRA,1439.6856999999998,79.50000000000001
30,SPCLEKPSTLARSVPLLAPGP,2133.5105000000003,80.87619047619046
31,KLGGF,520.6216000000001,15.7
32,TETIPGIWFLPQGHAIANSILLTQQMGHLDGLMTNQPMITQ,4518.197600000001,23.44390243902439
33,YVRRALLVCPMHISMYII,2178.7277000000004,117.16666666666667
34,LILHRCNSLRSRA,1538.8201,87.47692307692309
35,SPSLEKPSILARSIPLLAPGP,2143.5252,83.09523809523809
36,KLGGF,520.6216000000001,15.7
37,TETISGIWFLPQGHAIANSILLTQQMGHLDGLMTNQPMITQ,4508.159700000001,24.146341463414632
38,YVRRALVVCPMHKNMYIT,2194.6874000000007,105.91111111111113
39,LILHTCNSLRSRA,1483.7382999999998,81.67692307692309
40,SPCLEKPSTLARSIPLLAPGP,2147.5371000000005,70.33333333333333
41,KLGGF,520.6216000000001,15.7
42,TETIPGIWFLPQGHAIANSILLT,2492.8651000000004,38.117391304347834
43,QIGHLDGLMTNQPMITQ,1897.1802000000002,-3.0999999999999988
44,YVRRALVVCPMHISMYIT,2152.6474000000003,117.16666666666667
45,LILHTCNSLRSRA,1483.7382999999998,81.67692307692309
46,SPCLEKPSTLARSIPLLAPGP,2147.5371000000005,70.33333333333333
47,KLGGF,520.6216000000001,15.7
48,TETIPGIWFLPQGHAIANSILLT,2492.8651000000004,38.117391304347834
49,QIGHLDGLMTNQPMITQ,1897.1802000000002,-3.0999999999999988
50,YVRRALVVCPMHISMYIT,2152.6474000000003,117.16666666666667
51,LILHTCNSLRSRA,1483.7382999999998,81.67692307692309
52,SPCLEKPSTLARSIPLLAPGP,2147.5371000000005,70.33333333333333
53,KLGGF,520.6216000000001,15.7
54,TETIPGIWFLPQGHAIANSILLT,2492.8651000000004,38.117391304347834
55,QIGHLDGLMTNQPWITQ,1952.1941000000002,-0.3588235294117633
56,YVRRALVVCPMHISMYIT,2152.6474000000003,117.16666666666667
57,LILHTCNSLRSRA,1483.7382999999998,81.67692307692309
58,SPCLEKPSTLARSIPLLAPGP,2147.5371000000005,70.33333333333333
59,KLGGF,520.6216000000001,15.7
60,TETIPGIWFLPQGHAIANSILLT,2492.8651000000004,38.117391304347834
61,QMGHLDGLMTNQPMITQ,1915.2185999999997,-3.0999999999999988
62,YVRRALVVCPMHISMYIT,2152.6474000000003,117.16666666666667
63,LILHTCNSLRSRA,1483.7382999999998,81.67692307692309
64,SPCLEKPSTLARSVPLLAPGP,2133.5105000000003,80.87619047619046
65,KLGGF,520.6216000000001,15.7
66,TETIPGIWFLLQGHAIANSILLTHQMGHLDGLMTNQPMITQ,4543.250100000001,19.141463414634142
67,YVRRALVVCPMHISMYIT,2152.6474000000003,117.16666666666667
68,LILHTCNSLRSPA,1424.6677999999997,115.47692307692309
69,SPCLEKPSTLARSIPLLAPGP,2147.5371000000005,70.33333333333333
70,KLGGF,520.6216000000001,15.7
71,TETIPGIWFLPQGHAIANSILLT,2492.8651000000004,38.117391304347834
72,QMGHLDGLMTNQPMITQ,1915.2185999999997,-3.0999999999999988
73,YVRRALVVCPMHISMYIT,2152.6474000000003,117.16666666666667
74,LILHTCNSLRSPP,1450.7050999999997,115.47692307692309
75,SPCLEKPSTLARSIPLLAPGP,2147.5371000000005,70.33333333333333
76,KLGGF,520.6216000000001,15.7
77,TETIPGIWFLPQGHAIANSILLT,2492.8651000000004,38.117391304347834
78,QMGHLDGLMTNQPMITQ,1915.2185999999997,-3.0999999999999988
79,YVRRALVVCPMHISMYIT,2152.6474000000003,117.16666666666667
80,LILHTCNSLRSQP,1481.7190999999998,96.4923076923077
81,SPCLEKPSTLARSIPLLAPGP,2147.5371000000005,70.33333333333333
82,KLGGF,520.6216000000001,15.7
83,TETIPGIWFLPQGHAIANSILLT,2492.8651000000004,38.117391304347834
84,QMGHLDGLMTNQPMITQ,1915.2185999999997,-3.0999999999999988
85,YVRRALVVCPMHISMYIT,2152.6474000000003,117.16666666666667
86,LILHTCNSLRSRA,1483.7382999999998,81.67692307692309
87,SPCLEKPSTLARSIPLLAPGP,2147.5371000000005,70.33333333333333
88,KLGGF,520.6216000000001,15.7
89,TETIPGIWFLPQGHATANSILLT,2480.8114000000005,38.117391304347834
90,QIGHLDGLMTNQPMITQ,1897.1802000000002,-3.0999999999999988
91,YVRLHFKVCPMHISMYII,2250.7919000000006,66.51666666666667
92,LILHRCNSPRSRA,1522.7776999999999,100.66153846153846
93,SPCLEKPSTLARSVPLLAPGP,2133.5105000000003,80.87619047619046
94,KLGGF,520.6216000000001,15.7
95,TETIPGIWFLLQGHAIANSILLTQQMGHLDGLMTNQPMITQ,4534.240000000001,21.999999999999996
96,YVRRALLVCPMHISMYII,2178.7277000000004,117.16666666666667
97,LILHRCNSPRSRA,1522.7776999999999,100.66153846153846
98,SPCLEKPSTLARSVPLLAPGP,2133.5105000000003,80.87619047619046
99,KLGGF,520.6216000000001,15.7
100,TETIPGIWFLLQGHAIANSILLTQQMGHLDGLMTNQPMITQ,4534.240000000001,21.999999999999996
101,YVRRALVVCPMHISMYIT,2152.6474000000003,117.16666666666667
102,LILHTCNSLRSRA,1483.7382999999998,81.67692307692309
103,SPCLEKPSTLARSVPLLAPGP,2133.5105000000003,80.87619047619046
104,KLGGF,520.6216000000001,15.7
105,TETIPGIWFLPQGHAIANSILLT,2492.8651000000004,38.117391304347834
106,QIGHLDGLMTNQPMITQ,1897.1802000000002,-3.0999999999999988
